Korean	Romanization	Romanization(No vowel)	English (No vowel)	English	Fuzzy Score
엄마	eom-ma	mm	mm	mom	100
데이트	de-i-teu	dt	dt	date	100
하하	ha-ha	hh	hh	haha	100
게임	ge-im	gm	gm	game	100
도도	do-do	dd	dd	dodo	100
드라마	deu-ra-ma	drm	drm	drama	100
타이밍	ta-i-ming	tmng	tmng	timing	100
밴드	baen-deu	bnd	bnd	band	100
버스	beo-seu	bs	bs	bus	100
프로그램	peu-ro-geu-raem	prgrm	prgrm	program	100
와인	wa-in	wn	wn	wine	100
그린	geu-rin	grn	grn	green	100
소주	so-ju	sj	sj	soju	100
피아노	pi-a-no	pn	pn	piano	100
아이템	a-i-tem	tm	tm	item	100
라디오	ra-di-o	rd	rd	radio	100
아이디어	a-i-di-eo	d	d	idea	100
장기	jang-gi	jngg	jngg	janggi	100
오픈	o-peun	pn	pn	open	100
테스트	te-seu-teu	tst	tst	test	100
포인트	po-in-teu	pnt	pnt	point	100
킹덤	king-deom	kngdm	kngdm	kingdom	100
팬더	paen-deo	pnd	pnd	panda	100
트리	teu-ri	tr	tr	tree	100
기생	gi-saeng	gsng	gsng	gisaeng	100
타임	ta-im	tm	tm	time	100
가스	ga-seu	gs	gs	gas	100
브랜드	beu-raen-deu	brnd	brnd	brand	100
마스크	ma-seu-keu	msk	msk	mask	100
에피소드	e-pi-so-deu	psd	psd	episode	100
파스타	pa-seu-ta	pst	pst	pasta	100
아하	a-ha	h	h	aha	100
랜드	raen-deu	rnd	rnd	rand	100
세트	se-teu	st	st	set	100
스테이크	seu-te-i-keu	stk	stk	steak	100
테이프	te-i-peu	tp	tp	tape	100
사우나	sa-u-na	sn	sn	sauna	100
메인	me-in	mn	mn	main	100
태주	tae-ju	tj	tj	taeju	100
트로트	teu-ro-teu	trt	trt	teuroteu	100
펜던트	pen-deon-teu	pndnt	pndnt	pendant	100
비트	bi-teu	bt	bt	beat	100
아리	a-ri	r	r	ari	100
사이트	sa-i-teu	st	st	site	100
다이어트	da-i-eo-teu	dt	dt	diet	100
데이터	de-i-teo	dt	dt	data	100
오메가	o-me-ga	mg	mg	omega	100
타이	ta-i	t	t	tie	100
센스	sen-seu	sns	sns	sense	100
승지	seung-ji	sngj	sngj	seungji	100
메모	me-mo	mm	mm	memo	100
냉면	naeng-myeon	nngmyn	nngmyn	naengmyeon	100
게스트	ge-seu-teu	gst	gst	guest	100
보너스	bo-neo-seu	bns	bns	bonus	100
마이너스	ma-i-neo-seu	mns	mns	minus	100
스킨	seu-kin	skn	skn	skin	100
오메	o-me	m	m	ome	100
다이아몬드	da-i-a-mon-deu	dmnd	dmnd	diamond	100
텐트	ten-teu	tnt	tnt	tent	100
힌트	hin-teu	hnt	hnt	hint	100
드럼	deu-reom	drm	drm	drum	100
브레이크	beu-re-i-keu	brk	brk	brake	100
판다	pan-da	pnd	pnd	panda	100
메두사	me-du-sa	mds	mds	medusa	100
푸드	pu-deu	pd	pd	pood	100
호르몬	ho-reu-mon	hrmn	hrmn	hormone	100
레드	re-deu	rd	rd	red	100
스키	seu-ki	sk	sk	ski	100
아멘	a-men	mn	mn	amen	100
페인트	pe-in-teu	pnt	pnt	paint	100
토마토	to-ma-to	tmt	tmt	tomato	100
오비	o-bi	b	b	obi	100
테잎	te-ip	tp	tp	tape	100
트렌드	teu-ren-deu	trnd	trnd	trend	100
고시원	go-si-weon	gswn	gswn	gosiwon	100
히트	hi-teu	ht	ht	hit	100
트레이닝	teu-re-i-ning	trnng	trnng	training	100
수라	su-ra	sr	sr	sura	100
웹툰	web-tun	wbtn	wbtn	webtoon	100
제임스	je-im-seu	jms	jms	james	100
탬버린	taem-beo-rin	tmbrn	tmbrn	tambourine	100
마우스	ma-u-seu	ms	ms	mouse	100
사운드	sa-un-deu	snd	snd	sound	100
모라	mo-ra	mr	mr	mora	100
요가	yo-ga	yg	yg	yoga	100
파이	pa-i	p	p	pie	100
루트	ru-teu	rt	rt	root	100
피아니스트	pi-a-ni-seu-teu	pnst	pnst	pianist	100
오디오	o-di-o	d	d	audio	100
룸메이트	rum-me-i-teu	rmmt	rmmt	roommate	100
저고리	jeo-go-ri	jgr	jgr	jeogori	100
씨름	ssi-reum	ssrm	ssrm	ssireum	100
요구르트	yo-gu-reu-teu	ygrt	ygrt	yogurt	100
세진	se-jin	sjn	sjn	sejin	100
바나나	ba-na-na	bnn	bnn	banana	100
보트	bo-teu	bt	bt	boat	100
가이드	ga-i-deu	gd	gd	guide	100
점프	jeom-peu	jmp	jmp	jump	100
피크	pi-keu	pk	pk	peak	100
핸드백	haen-deu-baeg	hndbg	hndbg	handbag	100
티아라	ti-a-ra	tr	tr	tiara	100
파이프	pa-i-peu	pp	pp	pipe	100
사유리	sa-yu-ri	syr	syr	sayuri	100
렌트	ren-teu	rnt	rnt	rent	100
비키니	bi-ki-ni	bkn	bkn	bikini	100
사이렌	sa-i-ren	srn	srn	siren	100
보쌈	bo-ssam	bssm	bssm	bossam	100
토스트	to-seu-teu	tst	tst	toast	100
감자탕	gam-ja-tang	gmjtng	gmjtng	gamjatang	100
이맘	i-mam	mm	mm	imam	100
호프	ho-peu	hp	hp	hope	100
화투	hwa-tu	hwt	hwt	hwatu	100
미디어	mi-di-eo	md	md	media	100
요요	yo-yo	yy	yy	yo-yo	100
미니	mi-ni	mn	mn	mini	100
모드	mo-deu	md	md	mode	100
게이트	ge-i-teu	gt	gt	gate	100
수프	su-peu	sp	sp	soup	100
후드	hu-deu	hd	hd	hood	100
가야금	ga-ya-geum	gygm	gygm	gayageum	100
스트라이크	seu-teu-ra-i-keu	strk	strk	strike	100
에고	e-go	g	g	ego	100
헤드	he-deu	hd	hd	head	100
넌센스	neon-sen-seu	nnsns	nnsns	nonsense	100
팥빙수	pat-bing-su	ptbngs	ptbngs	patbingsu	100
장구	jang-gu	jngg	jngg	janggu	100
로프	ro-peu	rp	rp	rope	100
이온	i-on	n	n	ion	100
바리스타	ba-ri-seu-ta	brst	brst	barista	100
덤프	deom-peu	dmp	dmp	dump	100
버그	beo-geu	bg	bg	bug	100
프리미엄	peu-ri-mi-eom	prmm	prmm	premium	100
파전	pa-jeon	pjn	pjn	pajeon	100
세레나데	se-re-na-de	srnd	srnd	serenade	100
배드민턴	bae-deu-min-teon	bdmntn	bdmntn	badminton	100
매트	mae-teu	mt	mt	mat	100
호스트	ho-seu-teu	hst	hst	host	100
효연	hyo-yeon	hyyn	hyyn	hyoyeon	100
저스틴	jeo-seu-tin	jstn	jstn	justin	100
수제비	su-je-bi	sjb	sjb	sujebi	100
파라다이스	pa-ra-da-i-seu	prds	prds	paradise	100
네온	ne-on	nn	nn	neon	100
브라	beu-ra	br	br	bra	100
퍼레이드	peo-re-i-deu	prd	prd	parade	100
그랜드	geu-raen-deu	grnd	grnd	grand	100
장조림	jang-jo-rim	jngjrm	jngjrm	jangjorim	100
쿠루	ku-ru	kr	kr	kuru	100
스트림	seu-teu-rim	strm	strm	stream	100
템포	tem-po	tmp	tmp	tempo	100
키위	ki-wi	kw	kw	kiwi	100
수트	su-teu	st	st	suit	100
태그	tae-geu	tg	tg	tag	100
키트	ki-teu	kt	kt	kit	100
거문고	geo-mun-go	gmng	gmng	geomungo	100
재스민	jae-seu-min	jsmn	jsmn	jasmine	100
후크	hu-keu	hk	hk	hook	100
네트	ne-teu	nt	nt	net	100
오아시스	o-a-si-seu	ss	ss	oasis	100
트위스트	teu-wi-seu-teu	twst	twst	twist	100
펌프	peom-peu	pmp	pmp	pump	100
와타나베	wa-ta-na-be	wtnb	wtnb	watanabe	100
오페라	o-pe-ra	pr	pr	opera	100
삼계탕	sam-gye-tang	smgytng	smgytng	samgyetang	100
아스피린	a-seu-pi-rin	sprn	sprn	aspirin	100
프라이드	peu-ra-i-deu	prd	prd	pride	100
스톤	seu-ton	stn	stn	stone	100
브리	beu-ri	br	br	brie	100
사케	sa-ke	sk	sk	sake	100
안단테	an-dan-te	ndnt	ndnt	andante	100
스테로이드	seu-te-ro-i-deu	strd	strd	steroid	100
스프링	seu-peu-ring	sprng	sprng	spring	100
지그	ji-geu	jg	jg	jig	100
스윙	seu-wing	swng	swng	swing	100
트레인	teu-re-in	trn	trn	train	100
프롬	peu-rom	prm	prm	prom	100
지프	ji-peu	jp	jp	jeep	100
감마	gam-ma	gmm	gmm	gamma	100
데이터베이스	de-i-teo-be-i-seu	dtbs	dtbs	database	100
허브	heo-beu	hb	hb	hub	100
베타	be-ta	bt	bt	beta	100
스푼	seu-pun	spn	spn	spoon	100
오보에	o-bo-e	b	b	oboe	100
판소리	pan-so-ri	pnsr	pnsr	pansori	100
겉절이	geot-jeor-i	gtjr	gtjr	geotjeori	100
타우	ta-u	t	t	tau	100
도파민	do-pa-min	dpmn	dpmn	dopamine	100
오로라	o-ro-ra	rr	rr	aurora	100
도핑	do-ping	dpng	dpng	doping	100
신문고	sin-mun-go	snmng	snmng	sinmungo	100
스트리밍	seu-teu-ri-ming	strmng	strmng	streaming	100
맘보	mam-bo	mmb	mmb	mambo	100
헤딩	he-ding	hdng	hdng	heading	100
오랑우탄	o-rang-u-tan	rngtn	rngtn	orangutan	100
스메타나	seu-me-ta-na	smtn	smtn	smetana	100
제트	je-teu	jt	jt	jet	100
사무라이	sa-mu-ra-i	smr	smr	samurai	100
와타	wa-ta	wt	wt	wata	100
부티	bu-ti	bt	bt	bootee	100
부메랑	bu-me-rang	bmrng	bmrng	boomerang	100
스모	seu-mo	sm	sm	sumo	100
하람	ha-ram	hrm	hrm	haram	100
프라임	peu-ra-im	prm	prm	prime	100
사쿠라	sa-ku-ra	skr	skr	sakura	100
트러스트	teu-reo-seu-teu	trst	trst	trust	100
에로스	e-ro-seu	rs	rs	eros	100
닌자	nin-ja	nnj	nnj	ninja	100
퉁소	tung-so	tngs	tngs	tungso	100
아트로핀	a-teu-ro-pin	trpn	trpn	atropine	100
파프리카	pa-peu-ri-ka	pprk	pprk	paprika	100
번트	beon-teu	bnt	bnt	bunt	100
삼바	sam-ba	smb	smb	samba	100
아고라	a-go-ra	gr	gr	agora	100
두마	du-ma	dm	dm	duma	100
프리온	peu-ri-on	prn	prn	prion	100
메가톤	me-ga-ton	mgtn	mgtn	megaton	100
스타디움	seu-ta-di-um	stdm	stdm	stadium	100
호른	ho-reun	hrn	hrn	horn	100
세로토닌	se-ro-to-nin	srtnn	srtnn	serotonin	100
로밍	ro-ming	rmng	rmng	roaming	100
머랭	meo-raeng	mrng	mrng	meringue	100
아가페	a-ga-pe	gp	gp	agape	100
텐던	ten-deon	tndn	tndn	tendon	100
토드	to-deu	td	td	tod	100
라미	ra-mi	rm	rm	ramie	100
텅스텐	teong-seu-ten	tngstn	tngstn	tungsten	100
너트	neo-teu	nt	nt	nut	100
스탬프	seu-taem-peu	stmp	stmp	stamp	100
배트	bae-teu	bt	bt	bat	100
아스파라거스	a-seu-pa-ra-geo-seu	sprgs	sprgs	asparagus	100
스팬	seu-paen	spn	spn	span	100
페스트	pe-seu-teu	pst	pst	pest	100
바냐	ba-nya	bny	bny	banya	100
프시	peu-si	ps	ps	psi	100
사롱	sa-rong	srng	srng	sarong	100
티라미수	ti-ra-mi-su	trms	trms	tiramisu	100
피스톤	pi-seu-ton	pstn	pstn	piston	100
타임스	ta-im-seu	tms	tms	times	100
모멘트	mo-men-teu	mmnt	mmnt	moment	100
안드로겐	an-deu-ro-gen	ndrgn	ndrgn	androgen	100
아데노신	a-de-no-sin	dnsn	dnsn	adenosine	100
론도	ron-do	rnd	rnd	rondo	100
웹사이트	web-sa-i-teu	wbst	wbst	website	100
지브	ji-beu	jb	jb	jib	100
펜타곤	pen-ta-gon	pntgn	pntgn	pentagon	100
에타	e-ta	t	t	eta	100
하바네라	ha-ba-ne-ra	hbnr	hbnr	habanera	100
트램	teu-raem	trm	trm	tram	100
타카	ta-ka	tk	tk	taka	100
와사비	wa-sa-bi	wsb	wsb	wasabi	100
에이프런	e-i-peu-reon	prn	prn	apron	100
아르곤	a-reu-gon	rgn	rgn	argon	100
헤파린	he-pa-rin	hprn	hprn	heparin	100
소나타	so-na-ta	snt	snt	sonata	100
아니메	a-ni-me	nm	nm	anime	100
덤핑	deom-ping	dmpng	dmpng	dumping	100
오타쿠	o-ta-ku	tk	tk	otaku	100
파고다	pa-go-da	pgd	pgd	pagoda	100
소바	so-ba	sb	sb	soba	100
트롬본	teu-rom-bon	trmbn	trmbn	trombone	100
카바	ka-ba	kb	kb	kaaba	100
파노라마	pa-no-ra-ma	pnrm	pnrm	panorama	100
타이가	ta-i-ga	tg	tg	taiga	100
카와이	ka-wa-i	kw	kw	kawaii	100
리바운드	ri-ba-un-deu	rbnd	rbnd	rebound	100
암모니아	am-mo-ni-a	mmn	mmn	ammonia	100
루틴	ru-tin	rtn	rtn	routine	100
파파야	pa-pa-ya	ppy	ppy	papaya	100
스프린트	seu-peu-rin-teu	sprnt	sprnt	sprint	100
테스토스테론	te-seu-to-seu-te-ron	tststrn	tststrn	testosterone	100
소프라노	so-peu-ra-no	sprn	sprn	soprano	100
무드	mu-deu	md	md	mood	100
메디아	me-di-a	md	md	media	100
유카타	yu-ka-ta	ykt	ykt	yukata	100
타르	ta-reu	tr	tr	tar	100
서스펜스	seo-seu-pen-seu	sspns	sspns	suspense	100
청심환	ceong-sim-hwan	cngsmhwn	chngsmhwn	cheongsimhwan	94
엔터테인먼트	en-teo-te-in-meon-teu	nttnmnt	ntrtnmnt	entertainment	93
노르에피네프린	no-reu-e-pi-ne-peu-rin	nrpnprn	nrpnphrn	norepinephrine	93
제임스본드	je-im-seu-bon-deu	jmsbnd	jms bnd	james bond	92
샌드위치	saen-deu-wi-ci	sndwc	sndwch	sandwich	91
스토킹	seu-to-king	stkng	stlkng	stalking	91
마케팅	ma-ke-ting	mktng	mrktng	marketing	91
스타킹	seu-ta-king	stkng	stckng	stocking	91
드레싱	deu-re-sing	drsng	drssng	dressing	91
고추장	go-cu-jang	gcjng	gchjng	gochujang	91
해프닝	hae-peu-ning	hpnng	hppnng	happening	91
에피네프린	e-pi-ne-peu-rin	pnprn	pnphrn	epinephrine	91
동치미	dong-ci-mi	dngcm	dngchm	dongchimi	91
헤밍웨이	he-ming-we-i	hmngw	hmngwy	hemingway	91
테러리스트	te-reo-ri-seu-teu	trrst	trrrst	terrorist	91
랭킹	raeng-king	rngkng	rnkng	ranking	91
마그네슘	ma-geu-ne-syum	mgnsym	mgnsm	magnesium	91
토너먼트	to-neo-meon-teu	tnmnt	trnmnt	tournament	91
신드롬	sin-deu-rom	sndrm	syndrm	syndrome	91
미니스커트	mi-ni-seu-keo-teu	mnskt	mnskrt	miniskirt	91
게르마늄	ge-reu-ma-nyum	grmnym	grmnm	germanium	91
스파링	seu-pa-ring	sprng	sprrng	sparring	91
트래킹	teu-rae-king	trkng	trckng	tracking	91
엔도르핀	en-do-reu-pin	ndrpn	ndrphn	endorphin	91
프롬프터	peu-rom-peu-teo	prmpt	prmptr	prompter	91
민준	min-jun	mnjn	mn jn	min joon	89
스트레스	seu-teu-re-seu	strs	strss	stress	89
시스템	si-seu-tem	sstm	systm	system	89
해킹	hae-king	hkng	hckng	hacking	89
웨딩	we-ding	wdng	wddng	wedding	89
마라톤	ma-ra-ton	mrtn	mrthn	marathon	89
챔피언	caem-pi-eon	cmpn	chmpn	champion	89
스폰서	seu-pon-seo	spns	spnsr	sponsor	89
해영	hae-yeong	hyng	h yng	hae young	89
펜션	pen-syeon	pnsyn	pnsn	pension	89
홍혜정	hong-hye-jeong	hnghyjng	hng hy jng	hong hye jung	89
조깅	jo-ging	jgng	jggng	jogging	89
브런치	beu-reon-ci	brnc	brnch	brunch	89
청주	ceong-ju	cngj	chngj	cheongju	89
히스테리	hi-seu-te-ri	hstr	hystr	hysteria	89
푸딩	pu-ding	pdng	pddng	pudding	89
에스프레소	e-seu-peu-re-so	sprs	sprss	espresso	89
남순	nam-sun	nmsn	nm sn	nam soon	89
타나토스	ta-na-to-seu	tnts	thnts	thanatos	89
프로세스	peu-ro-se-seu	prss	prcss	process	89
순천	sun-ceon	sncn	snchn	suncheon	89
트렌치	teu-ren-ci	trnc	trnch	trench	89
하이브리드	ha-i-beu-ri-deu	hbrd	hybrd	hybrid	89
햄스터	haem-seu-teo	hmst	hmstr	hamster	89
효린	hyo-rin	hyrn	hy rn	hyo rin	89
네트워크	ne-teu-weo-keu	ntwk	ntwrk	network	89
더빙	deo-bing	dbng	dbbng	dubbing	89
수퍼맨	su-peo-maen	spmn	sprmn	superman	89
팀워크	tim-weo-keu	tmwk	tmwrk	teamwork	89
레퍼토리	re-peo-to-ri	rptr	rprtr	repertoire	89
피라미드	pi-ra-mi-deu	prmd	pyrmd	pyramid	89
파트타임	pa-teu-ta-im	pttm	prttm	part-time	89
혜윤이	hye-yun-i	hyyn	hy yn	hye yoon	89
피스타치오	pi-seu-ta-ci-o	pstc	pstch	pistachio	89
마가린	ma-ga-rin	mgrn	mrgrn	margarine	89
비스무트	bi-seu-mu-teu	bsmt	bsmth	bismuth	89
패킹	pae-king	pkng	pckng	packing	89
프린터	peu-rin-teo	prnt	prntr	printer	89
챔피온	caem-pi-on	cmpn	chmpn	champion	89
다이너마이트	da-i-neo-ma-i-teu	dnmt	dynmt	dynamite	89
핸섬	haen-seom	hnsm	hndsm	handsome	89
스트라이커	seu-teu-ra-i-keo	strk	strkr	striker	89
트랜치	teu-raen-ci	trnc	trnch	trench	89
홈스테이	hom-seu-te-i	hmst	hmsty	homestay	89
워크맨	weo-keu-maen	wkmn	wlkmn	walkman	89
스타덤	seu-ta-deom	stdm	strdm	stardom	89
황수진	hwang-su-jin	hwngsjn	hwng s jn	hwang soo jin	88
멀티태스킹	meor-ti-tae-seu-king	mrttskng	mlttskng	multitasking	88
라면	ra-myeon	rmyn	rmn	ramen	86
인턴	in-teon	ntn	ntrn	intern	86
고스트	go-seu-teu	gst	ghst	ghost	86
멤버	mem-beo	mmb	mmbr	member	86
가든	ga-deun	gdn	grdn	garden	86
드레스	deu-re-seu	drs	drss	dress	86
태진	tae-jin	tjn	t jn	tae jin	86
빙고	bing-go	bngg	bng	bingo	86
망고	mang-go	mngg	mng	mango	86
시나리오	si-na-ri-o	snr	scnr	scenario	86
스토리	seu-to-ri	str	stry	story	86
넘버	neom-beo	nmb	nmbr	number	86
핑크	ping-keu	pngk	pnk	pink	86
스타트	seu-ta-teu	stt	strt	start	86
스튜디오	seu-tyu-di-o	styd	std	studio	86
송지혜	song-ji-hye	sngjhy	sng j hy	song ji hye	86
리포트	ri-po-teu	rpt	rprt	report	86
포스터	po-seu-teo	pst	pstr	poster	86
마스터	ma-seu-teo	mst	mstr	master	86
세미나	se-mi-na	smn	smnr	seminar	86
버튼	beo-teun	btn	bttn	button	86
브로커	beu-ro-keo	brk	brkr	broker	86
리본	ri-bon	rbn	rbbn	ribbon	86
테니스	te-ni-seu	tns	tnns	tennis	86
트레이너	teu-re-i-neo	trn	trnr	trainer	86
스피커	seu-pi-keo	spk	spkr	speaker	86
어시스트	eo-si-seu-teu	sst	ssst	assist	86
메모리	me-mo-ri	mmr	mmry	memory	86
펀치	peon-ci	pnc	pnch	punch	86
벤치	ben-ci	bnc	bnch	bench	86
탱크	taeng-keu	tngk	tnk	tank	86
윙크	wing-keu	wngk	wnk	wink	86
스커트	seu-keo-teu	skt	skrt	skirt	86
아몬드	a-mon-deu	mnd	lmnd	almond	86
안테나	an-te-na	ntn	ntnn	antenna	86
모던	mo-deon	mdn	mdrn	modern	86
탱고	taeng-go	tngg	tng	tango	86
스프레이	seu-peu-re-i	spr	spry	spray	86
레포트	re-po-teu	rpt	rprt	report	86
싱크	sing-keu	sngk	snk	sink	86
밍크	ming-keu	mngk	mnk	mink	86
센서	sen-seo	sns	snsr	sensor	86
범퍼	beom-peo	bmp	bmpr	bumper	86
리소토	ri-so-to	rst	rstt	risotto	86
패러디	pae-reo-di	prd	prdy	parody	86
그래프	geu-rae-peu	grp	grph	graph	86
윈도	win-do	wnd	wndw	window	86
스웨터	seu-we-teo	swt	swtr	sweater	86
스파크	seu-pa-keu	spk	sprk	spark	86
브로치	beu-ro-ci	brc	brch	brooch	86
점퍼	jeom-peo	jmp	jmpr	jumper	86
바통	ba-tong	btng	btn	baton	86
토스터	to-seu-teo	tst	tstr	toaster	86
파자마	pa-ja-ma	pjm	pjms	pajamas	86
멘토	men-to	mnt	mntr	mentor	86
브라우니	beu-ra-u-ni	brn	brwn	brownie	86
토네이도	to-ne-i-do	tnd	trnd	tornado	86
베이커리	be-i-keo-ri	bkr	bkry	bakery	86
사시미	sa-si-mi	ssm	sshm	sashimi	86
푸치니	pu-ci-ni	pcn	pccn	puccini	86
스파이더	seu-pa-i-deo	spd	spdr	spider	86
터번	teo-beon	tbn	trbn	turban	86
스나이퍼	seu-na-i-peo	snp	snpr	sniper	86
럭비	reog-bi	rgb	rgby	rugby	86
헤드기어	he-deu-gi-eo	hdg	hdgr	headgear	86
바게트	ba-ge-teu	bgt	bgtt	baguette	86
엠바고	em-ba-go	mbg	mbrg	embargo	86
신토	sin-to	snt	shnt	shinto	86
댐퍼	daem-peo	dmp	dmpr	damper	86
펌프스	peom-peu-seu	pmps	pmp	pump	86
메탄	me-tan	mtn	mthn	methane	86
레스토랑	re-seu-to-rang	rstrng	rstrnt	restaurant	83
신영	sin-yeong	snyng	shn yng	shin young	83
스마트폰	seu-ma-teu-pon	smtpn	smrtphn	smartphone	83
페퍼민트	pe-peo-min-teu	ppmnt	ppprmnt	peppermint	83
매니지먼트	mae-ni-ji-meon-teu	mnjmnt	mngmnt	management	83
프로그래머	peu-ro-geu-rae-meo	prgrm	prgrmmr	programmer	83
스펙트럼	seu-peg-teu-reom	spgtrm	spctrm	spectrum	83
육개장	yug-gae-jang	yggjng	ykgjng	yukgaejang	83
조윤진	jo-yun-jin	jynjn	j yn jn	jo yoon jin	83
베타카로틴	be-ta-ka-ro-tin	btkrtn	btcrtn	beta-carotene	83
콘도미니엄	kon-do-mi-ni-eom	kndmnm	cndmnm	condominium	83
엔지니어링	en-ji-ni-eo-ring	njnrng	ngnrng	engineering	83
웨딩드레스	we-ding-deu-re-seu	wdngdrs	wddng drss	wedding dress	82
킹덤호텔	king-deom-ho-ter	kngdmhtr	kngdm htl	kingdom hotel	82
거인	geo-in	gn	gnt	giant	80
키스	ki-seu	ks	kss	kiss	80
스타	seu-ta	st	str	star	80
사인	sa-in	sn	sgn	sign	80
기타	gi-ta	gt	gtr	guitar	80
미스	mi-seu	ms	mss	miss	80
프로젝트	peu-ro-jeg-teu	prjgt	prjct	project	80
보스	bo-seu	bs	bss	boss	80
스파이	seu-pa-i	sp	spy	spy	80
하트	ha-teu	ht	hrt	heart	80
빌딩	bir-ding	brdng	bldng	building	80
패스	pae-seu	ps	pss	pass	80
미터	mi-teo	mt	mtr	meter	80
메뉴	me-nyu	mny	mn	menu	80
우동	u-dong	dng	dn	udon	80
로맨틱	ro-maen-tig	rmntg	rmntc	romantic	80
갈비	gar-bi	grb	rb	rib	80
가운	ga-un	gn	gwn	gown	80
레이더	re-i-deo	rd	rdr	radar	80
햄버거	haem-beo-geo	hmbg	hmbrgr	hamburger	80
다인	da-in	dn	dyn	dyne	80
파트	pa-teu	pt	prt	part	80
브리핑	beu-ri-ping	brpng	brfng	briefing	80
암말	am-mar	mmr	mr	mare	80
스파게티	seu-pa-ge-ti	spgt	spghtt	spaghetti	80
달링	dar-ring	drrng	drlng	darling	80
스탠바이	seu-taen-ba-i	stnb	stndby	standby	80
소나	so-na	sn	snr	sonar	80
보드	bo-deu	bd	brd	board	80
최영이	coe-yeong-i	cyng	ch yng	choi young	80
루비	ru-bi	rb	rby	ruby	80
미스테리	mi-seu-te-ri	mstr	mystry	mystery	80
터치	teo-ci	tc	tch	touch	80
파워	pa-weo	pw	pwr	power	80
아이러니	a-i-reo-ni	rn	rny	irony	80
타워	ta-weo	tw	twr	tower	80
비빔밥	bi-bim-bab	bbmbb	bbmbp	bibimbap	80
파마	pa-ma	pm	prm	perm	80
포트	po-teu	pt	prt	port	80
태권도	tae-gweon-do	tgwnd	tkwnd	taekwondo	80
시트	si-teu	st	sht	sheet	80
웨이터	we-i-teo	wt	wtr	waiter	80
스파	seu-pa	sp	spr	spar	80
테마	te-ma	tm	thm	theme	80
튜브	tyu-beu	tyb	tb	tube	80
가드	ga-deu	gd	grd	guard	80
푸시	pu-si	ps	psh	push	80
비비	bi-bi	bb	bbn	baboon	80
보디가드	bo-di-ga-deu	bdgd	bdygrd	bodyguard	80
갈대	gar-dae	grd	rd	reed	80
캠핑	kaem-ping	kmpng	cmpng	camping	80
인치	in-ci	nc	nch	inch	80
매스	mae-seu	ms	mss	mass	80
하이에나	ha-i-e-na	hn	hyn	hyena	80
체인	ce-in	cn	chn	chain	80
오뎅	o-deng	dng	dn	oden	80
대시	dae-si	ds	dsh	dash	80
트럼펫	teu-reom-pes	trmps	trmpt	trumpet	80
라이더	ra-i-deo	rd	rdr	rider	80
무스	mu-seu	ms	mss	mousse	80
스시	seu-si	ss	ssh	sushi	80
포커	po-keo	pk	pkr	poker	80
미스터리	mi-seu-teo-ri	mstr	mystry	mystery	80
모터	mo-teo	mt	mtr	motor	80
고뇌	go-noe	gn	gny	agony	80
워드	weo-deu	wd	wrd	word	80
아토피	a-to-pi	tp	tpy	atopy	80
미사	mi-sa	ms	mss	mass	80
히터	hi-teo	ht	htr	heater	80
카메라맨	ka-me-ra-maen	kmrmn	cmrmn	cameraman	80
피싱	pi-sing	psng	phshng	phishing	80
이스트	i-seu-teu	st	yst	yeast	80
와이퍼	wa-i-peo	wp	wpr	wiper	80
겜블러	gem-beur-reo	gmbrr	gmblr	gambler	80
슈트	syu-teu	syt	st	suit	80
비데	bi-de	bd	bdt	bidet	80
에어백	e-eo-baeg	bg	rbg	airbag	80
파우치	pa-u-ci	pc	pch	pouch	80
파카	pa-ka	pk	prk	parka	80
매트리스	mae-teu-ri-seu	mtrs	mttrss	mattress	80
인트라넷	in-teu-ra-nes	ntrns	ntrnt	intranet	80
하프	ha-peu	hp	hrp	harp	80
야드	ya-deu	yd	yrd	yard	80
해시	hae-si	hs	hsh	hash	80
펭귄	peng-gwin	pnggwn	pngn	penguin	80
라드	ra-deu	rd	lrd	lard	80
조커	jo-keo	jk	jkr	joker	80
봉봉	bong-bong	bngbng	bnbn	bonbon	80
잉크	ing-keu	ngk	nk	ink	80
바텐더	ba-ten-deo	btnd	brtndr	bartender	80
그레이	geu-re-i	gr	gry	gray	80
스페어	seu-pe-eo	sp	spr	spare	80
보디	bo-di	bd	bdy	body	80
매희	mae-heui	mh	m h	mae hee	80
리팜핀	ri-pam-pin	rpmpn	rfmpn	rifampin	80
절편	jeor-pyeon	jrpyn	jlpyn	jeolpyeon	80
레게	re-ge	rg	rgg	reggae	80
바이트	ba-i-teu	bt	byt	byte	80
버디	beo-di	bd	brd	birdie	80
망간	mang-gan	mnggn	mngns	manganese	80
데크	de-keu	dk	dck	deck	80
포타슘	po-ta-syum	ptsym	ptssm	potassium	80
인스턴스	in-seu-teon-seu	nstns	nstnc	instance	80
로치	ro-ci	rc	rch	roach	80
시소	si-so	ss	ssw	seesaw	80
브래지어	beu-rae-ji-eo	brj	br	bra	80
스퍼	seu-peo	sp	spr	spur	80
디코딩	di-ko-ding	dkdng	dcdng	decoding	80
래프팅	rae-peu-ting	rptng	rftng	rafting	80
윈드서핑	win-deu-seo-ping	wndspng	wndsrfng	windsurfing	80
배로	bae-ro	br	brd	aboard	80
퓌레	pwi-re	pwr	pr	puree	80
트레이싱	teu-re-i-sing	trsng	trcng	tracing	80
피칭	pi-cing	pcng	ptchng	pitching	80
슈퍼히어로	syu-peo-hi-eo-ro	syphr	sprhr	superhero	80
탄젠트	tan-jen-teu	tnjnt	tngnt	tangent	80
유토피아	yu-to-pi-a	ytp	tp	utopia	80
매니페스토	mae-ni-pe-seu-to	mnpst	mnfst	manifesto	80
브로맨스	beu-ro-maen-seu	brmns	brmnc	bromance	80
스테플러	seu-te-peur-reo	stprr	stplr	stapler	80
노기	no-gi	ng	ngr	anger	80
워프	weo-peu	wp	wrp	warp	80
도너	do-neo	dn	dnr	donor	80
스웨이드	seu-we-i-deu	swd	sd	suede	80
포포	po-po	pp	ppw	papaw	80
사테	sa-te	st	sty	satay	80
프로세서	peu-ro-se-seo	prss	prcssr	processor	80
스노	seu-no	sn	snw	snow	80
와트	wa-teu	wt	wtt	watt	80
사스	sa-seu	ss	srs	sars	80
미트	mi-teu	mt	mtt	mitt	80
한영우	han-yeong-u	hnyng	hn yng w	han young woo	77
이종민	i-jong-min	jngmn	l jng mn	lee jong min	77
베스트셀러	be-seu-teu-ser-reo	bstsrr	bstsllr	bestseller	77
이정훈	i-jeong-hun	jnghn	l jng hn	lee jeong hoon	77
미토콘드리아	mi-to-kon-deu-ri-a	mtkndr	mtchndr	mitochondria	77
스키점프	seu-ki-jeom-peu	skjmp	sk jmpng	ski jumping	77
나르시시즘	na-reu-si-si-jeum	nrssjm	nrcsssm	narcissism	77
헤모글로빈	he-mo-geur-ro-bin	hmgrrbn	hmglbn	hemoglobin	77
파트너	pa-teu-neo	ptn	prtnr	partner	75
치킨	ci-kin	ckn	chckn	chicken	75
샘플	saem-peur	smpr	smpl	sample	75
스토커	seu-to-keo	stk	stlkr	stalker	75
한글	han-geur	hngr	hngl	hangul	75
아메리카노	a-me-ri-ka-no	mrkn	mrcn	americano	75
패턴	pae-teon	ptn	pttrn	pattern	75
로맨스	ro-maen-seu	rmns	rmnc	romance	75
비타민	bi-ta-min	btmn	vtmn	vitamin	75
시윤	si-yun	syn	sh yn	shi yoon	75
배터리	bae-teo-ri	btr	bttry	battery	75
한복	han-bog	hnbg	hnbk	hanbok	75
설렁탕	seor-reong-tang	srrngtng	sllngtng	seolleongtang	75
금줄	geum-jur	gmjr	gmjl	geumjul	75
불고기	bur-go-gi	brgg	blgg	bulgogi	75
시멘트	si-men-teu	smnt	cmnt	cement	75
최명길	coe-myeong-gir	cmynggr	ch mynggl	choi myung-gil	75
붕대	bung-dae	bngd	bndg	bandage	75
샴푸	syam-pu	symp	shmp	shampoo	75
홈페이지	hom-pe-i-ji	hmpj	hmpg	homepage	75
핸들	haen-deur	hndr	hndl	handle	75
오영	o-yeong	yng	h yng	oh young	75
머리핀	meo-ri-pin	mrpn	hrpn	hairpin	75
쓰나미	sseu-na-mi	ssnm	tsnm	tsunami	75
싱크대	sing-keu-dae	sngkd	snk	sink	75
마작	ma-jag	mjg	mhjng	mahjong	75
호스피스	ho-seu-pi-seu	hsps	hspc	hospice	75
스위치	seu-wi-ci	swc	swtch	switch	75
소울메이트	so-ur-me-i-teu	srmt	slmt	soulmate	75
네티즌	ne-ti-jeun	ntjn	ntzn	netizen	75
업그레이드	eob-geu-re-i-deu	bgrd	pgrd	upgrade	75
트러블	teu-reo-beur	trbr	trbl	trouble	75
트로피	teu-ro-pi	trp	trphy	trophy	75
위스키	wi-seu-ki	wsk	whsky	whiskey	75
방위	bang-wi	bngw	brng	bearing	75
베란다	be-ran-da	brnd	vrnd	veranda	75
마스카라	ma-seu-ka-ra	mskr	mscr	mascara	75
캠퍼스	kaem-peo-seu	kmps	cmps	campus	75
이닝	i-ning	nng	nnngs	innings	75
김태평	gim-tae-pyeong	gmtpyng	km t pyng	kim tae pyung	75
스케치	seu-ke-ci	skc	sktch	sketch	75
식혜	sig-hye	sghy	skhy	sikhye	75
이모티콘	i-mo-ti-kon	mtkn	mtcn	emoticon	75
스크린	seu-keu-rin	skrn	scrn	screen	75
코스모스	ko-seu-mo-seu	ksms	csms	cosmos	75
마스코트	ma-seu-ko-teu	mskt	msct	mascot	75
맨홀	maen-hor	mnhr	mnhl	manhole	75
멀린	meor-rin	mrrn	mrln	merlin	75
스펀지	seu-peon-ji	spnj	spng	sponge	75
세션	se-syeon	ssyn	sssn	session	75
냅킨	naeb-kin	nbkn	npkn	napkin	75
가이드라인	ga-i-deu-ra-in	gdrn	gdln	guideline	75
주가각	ju-ga-gag	jggg	jggk	jugagak	75
하드웨어	ha-deu-we-eo	hdw	hrdwr	hardware	75
벙커	beong-keo	bngk	bnkr	bunker	75
리서치	ri-seo-ci	rsc	rsrch	research	75
하모니	ha-mo-ni	hmn	hrmny	harmony	75
인절미	in-jeor-mi	njrm	njlm	injeolmi	75
시트콤	si-teu-kom	stkm	stcm	sitcom	75
션트	syeon-teu	synt	shnt	shunt	75
헤드라인	he-deu-ra-in	hdrn	hdln	headline	75
언더웨어	eon-deo-we-eo	ndw	ndrwr	underwear	75
데드라인	de-deu-ra-in	ddrn	ddln	deadline	75
스트랩	seu-teu-raeb	strb	strp	strap	75
시트론	si-teu-ron	strn	ctrn	citron	75
골짜기	gor-jja-gi	grjjg	grg	gorge	75
스포일러	seu-po-ir-reo	sprr	splr	spoiler	75
파스텔	pa-seu-ter	pstr	pstl	pastel	75
헥타르	heg-ta-reu	hgtr	hctr	hectare	75
파라솔	pa-ra-sor	prsr	prsl	parasol	75
레모네이드	re-mo-ne-i-deu	rmnd	lmnd	lemonade	75
아나콘다	a-na-kon-da	nknd	ncnd	anaconda	75
아티초크	a-ti-co-keu	tck	rtchk	artichoke	75
행거	haeng-geo	hngg	hngr	hanger	75
던전	deon-jeon	dnjn	dngn	dungeon	75
웹캠	web-kaem	wbkm	wbcm	webcam	75
최진	coe-jin	cjn	ch jn	choi jin	75
웹진	web-jin	wbjn	wbzn	webzine	75
레몬에이드	re-mon-e-i-deu	rmnd	lmnd	lemonade	75
에메랄드	e-me-rar-deu	mrrd	mrld	emerald	75
팬덤	paen-deom	pndm	fndm	fandom	75
코미디언	ko-mi-di-eon	kmdn	cmdn	comedian	75
스패너	seu-pae-neo	spn	spnnr	spanner	75
알부민	ar-bu-min	rbmn	lbmn	albumin	75
스파이웨어	seu-pa-i-we-eo	spw	spywr	spyware	75
니코틴	ni-ko-tin	nktn	nctn	nicotine	75
트레일러	teu-re-ir-reo	trrr	trlr	trailer	75
박테리아	bag-te-ri-a	bgtr	bctr	bacteria	75
프리즘	peu-ri-jeum	prjm	prsm	prism	75
스폰지	seu-pon-ji	spnj	spng	sponge	75
김자점	gim-ja-jeom	gmjjm	km jjm	kim ja-jeom	73
런칭	reon-cing	rncng	lnchng	launching	73
싱크홀	sing-keu-hor	sngkhr	snkhl	sinkhole	73
슈퍼스타	syu-peo-seu-ta	sypst	sprstr	superstar	73
오세영	o-se-yeong	syng	h s yng	oh se young	73
하이킹	ha-i-king	hkng	hk/hkng	hike/hiking	73
블리딩	beur-ri-ding	brrdng	bldng	bleeding	73
킬로그램	kir-ro-geu-raem	krrgrm	klgrm	kilogram	73
웰빙	wer-bing	wrbng	wllbng	well-being	73
아드레날린	a-deu-re-nar-rin	drnrrn	drnln	adrenaline	73
김영	gim-yeong	gmyng	km yng	kim young	73
트라이앵글	teu-ra-i-aeng-geur	trnggr	trngl	triangle	73
메가헤르츠	me-ga-he-reu-ceu	mghrc	mghrtz	megahertz	73
카운트다운	ka-un-teu-da-un	kntdn	cntdwn	countdown	73
침팬지	cim-paen-ji	cmpnj	chmpnz	chimpanzee	73
센세이션	sen-se-i-syeon	snssyn	snstn	sensation	73
스티로폼	seu-ti-ro-pom	strpm	styrfm	styrofoam	73
덱스트린	deg-seu-teu-rin	dgstrn	dxtrn	dextrin	73
오리엔테이션	o-ri-en-te-i-syeon	rntsyn	rnttn	orientation	73
인터럽트	in-teo-reob-teu	ntrbt	ntrrpt	interrupt	73
프로펠러	peu-ro-per-reo	prprr	prpllr	propeller	73
임플란트	im-peur-ran-teu	mprrnt	mplnt	implant	73
프로폴리스	peu-ro-por-ri-seu	prprrs	prpls	propolis	73
핸드볼	haen-deu-bor	hndbr	hndbll	handball	73
프로토타입	peu-ro-to-ta-ib	prttb	prttyp	prototype	73
콘덴서	kon-den-seo	kndns	cndnsr	condenser	73
크립톤	keu-rib-ton	krbtn	kryptn	krypton	73
선탠	seon-taen	sntn	tn/sntn	tan/suntan	73
매너리즘	mae-neo-ri-jeum	mnrjm	mnnrsm	mannerism	73
스캐닝	seu-kae-ning	sknng	scnnng	scanning	73
류마티스	ryu-ma-ti-seu	rymts	rhmtsm	rheumatism	73
윙팁	wing-tib	wngtb	wng tp	wing tip	73
짬뽕	jjam-bbong	jjmbbng	jjmppng	jjamppong	71
컨설팅	keon-seor-ting	knsrtng	cnsltng	consulting	71
강태진	gang-tae-jin	gngtjn	kng t jn	kang tae jin	71
도플갱어	do-peur-gaeng-eo	dprgng	dpplgngr	doppelganger	71
다큐멘터리	da-kyu-men-teo-ri	dkymntr	dcmntry	documentary	71
컨설턴트	keon-seor-teon-teu	knsrtnt	cnsltnt	consultant	71
플랑크톤	peur-rang-keu-ton	prrngktn	plnktn	plankton	71
덤프트럭	deom-peu-teu-reog	dmptrg	dmp trck	dump truck	71
벤조디아제핀	ben-jo-di-a-je-pin	bnjdjpn	bnzdzpn	benzodiazepine	71
트렌치코트	teu-ren-ci-ko-teu	trnckt	trnch ct	trench coat	71
테라포밍	te-ra-po-ming	trpmng	trrfrmng	terraforming	71
그룹	geu-rub	grb	grp	group	67
호텔	ho-ter	htr	htl	hotel	67
보이	bo-i	b	by	boy	67
춥다	cub-da	cbd	cld	cold	67
청소	ceong-so	cngs	clnng	cleaning	67
파티	pa-ti	pt	prty	party	67
뉴스	nyu-seu	nys	nws	news	67
카메라	ka-me-ra	kmr	cmr	camera	67
인터넷	in-teo-nes	ntns	ntrnt	internet	67
모델	mo-der	mdr	mdl	model	67
싸인	ssa-in	ssn	sgn	sign	67
손가락	son-ga-rag	sngrg	fngr	finger	67
날개	nar-gae	nrg	wng	wing	67
기어	gi-eo	g	gr	gear	67
속도	sog-do	sgd	spd	speed	67
태도	tae-do	td	tttd	attitude	67
앨범	aer-beom	rbm	lbm	album	67
가가	ga-ga	gg	g, g	go, go	67
사태	sa-tae	st	sttn	situation	67
포장	po-jang	pjng	pckng	packing	67
스톱	seu-tob	stb	stp	stop	67
봉투	bong-tu	bngt	bg	bag	67
골드	gor-deu	grd	gld	gold	67
리스트	ri-seu-teu	rst	lst	list	67
바이러스	ba-i-reo-seu	brs	vrs	virus	67
이벤트	i-ben-teu	bnt	vnt	event	67
데뷔	de-bwi	dbw	dbt	debut	67
노크	no-keu	nk	knck	knock	67
크레인	keu-re-in	krn	crn	crane	67
비즈니스	bi-jeu-ni-seu	bjns	bsnss	business	67
테이블	te-i-beur	tbr	tbl	table	67
시즌	si-jeun	sjn	ssn	season	67
크림	keu-rim	krm	crm	cream	67
이익	i-ig	g	gn	gain	67
만들기	man-deur-gi	mndrg	mkng	making	67
도안	do-an	dn	dsgn	design	67
태풍	tae-pung	tpng	typhn	typhoon	67
모텔	mo-ter	mtr	mtl	motel	67
아트	a-teu	t	rt	art	67
노트	no-teu	nt	ntbk	notebook	67
캠프	kaem-peu	kmp	cmp	camp	67
안건	an-geon	ngn	gnd	agenda	67
요트	yo-teu	yt	ycht	yacht	67
메달	me-dar	mdr	mdl	medal	67
레이	re-i	r	ry	ray	67
보리	bo-ri	br	brly	barley	67
브라보	beu-ra-bo	brb	brv	bravo	67
쿠폰	ku-pon	kpn	cpn	coupon	67
차트	ca-teu	ct	chrt	chart	67
드라이브	deu-ra-i-beu	drb	drv	drive	67
보일러	bo-ir-reo	brr	blr	boiler	67
화이트	hwa-i-teu	hwt	wht	white	67
벨트	ber-teu	brt	blt	belt	67
댄스	daen-seu	dns	dnc	dance	67
타이틀	ta-i-teur	ttr	ttl	title	67
사촌	sa-con	scn	csn	cousin	67
자이언트	ja-i-eon-teu	jnt	gnt	giant	67
스텝	seu-teb	stb	stp	step	67
방치	bang-ci	bngc	nglct	neglect	67
싱글	sing-geur	snggr	sngl	single	67
로봇	ro-bos	rbs	rbt	robot	67
몽타주	mong-ta-ju	mngtj	mntg	montage	67
버터	beo-teo	bt	bttr	butter	67
김도진	gim-do-jin	gmdjn	km d jn	kim do jin	67
피어	pi-eo	p	pr	peer	67
후진	hu-jin	hjn	jnr	junior	67
에이전트	e-i-jeon-teu	jnt	gnt	agent	67
터미널	teo-mi-neor	tmnr	trmnl	terminal	67
파파라치	pa-pa-ra-ci	pprc	pprzz	paparazzi	67
카리스마	ka-ri-seu-ma	krsm	chrsm	charisma	67
타이어	ta-i-eo	t	tr	tire	67
오렌지	o-ren-ji	rnj	rng	orange	67
기원	gi-weon	gwn	rgn	origin	67
치타	ci-ta	ct	chth	cheetah	67
좀비	jom-bi	jmb	zmb	zombie	67
레시피	re-si-pi	rsp	rcp	recipe	67
온라인	on-ra-in	nrn	nln	online	67
봉지	bong-ji	bngj	bg	bag	67
컨테이너	keon-te-i-neo	kntn	cntnr	container	67
대니	dae-ni	dn	dnny	danny	67
파서	pa-seo	ps	prsr	parser	67
패치	pae-ci	pc	ptch	patch	67
레몬	re-mon	rmn	lmn	lemon	67
오므라이스	o-meu-ra-i-seu	mrs	mrc	omurice	67
부티크	bu-ti-keu	btk	btq	boutique	67
알람	ar-ram	rrm	lrm	alarm	67
피치	pi-ci	pc	ptch	pitch	67
투어	tu-eo	t	tr	tour	67
파우더	pa-u-deo	pd	pwdr	powder	67
해치	hae-ci	hc	htch	hatch	67
천장	ceon-jang	cnjng	clng	ceiling	67
서빙	seo-bing	sbng	srvng	serving	67
실크	sir-keu	srk	slk	silk	67
시리즈	si-ri-jeu	srj	srs	series	67
리셋	ri-ses	rss	rst	reset	67
매직	mae-jig	mjg	mgc	magic	67
해커	hae-keo	hk	hckr	hacker	67
더블	deo-beur	dbr	dbl	double	67
신참	sin-cam	sncm	nwcmr	newcomer	67
패널	pae-neor	pnr	pnl	panel	67
도어	do-eo	d	dr	door	67
그레이스	geu-re-i-seu	grs	grc	grace	67
치졸	ci-jor	cjr	crd	crude	67
스캔	seu-kaen	skn	scn	scan	67
소시지	so-si-ji	ssj	ssg	sausage	67
슬럼프	seur-reom-peu	srrmp	slmp	slump	67
하키	ha-ki	hk	hcky	hockey	67
닉네임	nig-ne-im	ngnm	ncknm	nickname	67
그래픽	geu-rae-pig	grpg	grphc	graphic	67
레인지	re-in-ji	rnj	rng	range	67
밀크	mir-keu	mrk	mlk	milk	67
허기	heo-gi	hg	hngr	hunger	67
블라인드	beur-ra-in-deu	brrnd	blnd	blind	67
정글	jeong-geur	jnggr	jngl	jungle	67
와일드	wa-ir-deu	wrd	wld	wild	67
터키	teo-ki	tk	trky	turkey	67
골키퍼	gor-ki-peo	grkp	glkpr	goalkeeper	67
핫도그	has-do-geu	hsdg	ht dg	hot dog	67
다운로드	da-un-ro-deu	dnrd	dwnld	download	67
스트레칭	seu-teu-re-cing	strcng	strtch	stretch	67
미란	mi-ran	mrn	rsn	erosion	67
포지션	po-ji-syeon	pjsyn	pstn	position	67
업데이트	eob-de-i-teu	bdt	pdt	update	67
로열티	ro-yeor-ti	ryrt	rylty	royalty	67
김충	gim-cung	gmcng	km chng	kim choong	67
노코멘트	no-ko-men-teu	nkmnt	n cmmnt	no comment	67
체스	ce-seu	cs	chss	chess	67
비너스	bi-neo-seu	bns	vns	venus	67
플랜트	peur-raen-teu	prrnt	plnt	plant	67
티슈	ti-syu	tsy	tss	tissue	67
프레임	peu-re-im	prm	frm	frame	67
베이컨	be-i-keon	bkn	bcn	bacon	67
딜러	dir-reo	drr	dlr	dealer	67
천정	ceon-jeong	cnjng	clng	ceiling	67
엔진	en-jin	njn	ngn	engine	67
카운트	ka-un-teu	knt	cnt	count	67
스포트라이트	seu-po-teu-ra-i-teu	sptrt	sptlght	spotlight	67
버거	beo-geo	bg	brgr	burger	67
펄스	peor-seu	prs	pls	pulse	67
톨게이트	tor-ge-i-teu	trgt	tllgt	tollgate	67
스튜	seu-tyu	sty	stw	stew	67
울트라	ur-teu-ra	rtr	ltr	ultra	67
램프	raem-peu	rmp	lmp	lamp	67
음메	eum-me	mm	m	moo	67
야쿠자	ya-ku-ja	ykj	ykz	yakuza	67
오재원	o-jae-weon	jwn	h j wn	oh jae won	67
웨어	we-eo	w	wr	ware	67
캐스트	kae-seu-teu	kst	cst	cast	67
트랩	teu-raeb	trb	trp	trap	67
애니메이션	ae-ni-me-i-syeon	nmsyn	nmtn	animation	67
베이글	be-i-geur	bgr	bgl	bagel	67
사파리	sa-pa-ri	spr	sfr	safari	67
센트	sen-teu	snt	cnt	cent	67
레어	re-eo	r	rr	rare	67
한이수	han-i-su	hns	hn y s	han yi soo	67
패닉	pae-nig	png	pnc	panic	67
카테고리	ka-te-go-ri	ktgr	ctgry	category	67
산행	san-haeng	snhng	hkng	hiking	67
펜대	pen-dae	pnd	pnhldr	penholder	67
페달	pe-dar	pdr	pdl	pedal	67
풍채	pung-cae	pngc	prsnc	presence	67
치어리더	ci-eo-ri-deo	crd	chrldr	cheerleader	67
미트볼	mi-teu-bor	mtbr	mtbll	meatball	67
아스팔트	a-seu-par-teu	sprt	sphlt	asphalt	67
트랙터	teu-raeg-teo	trgt	trctr	tractor	67
캠페인	kaem-pe-in	kmpn	cmpgn	campaign	67
항원	hang-weon	hngwn	ntgn	antigen	67
더덕	deo-deog	ddg	ddk	deodeok	67
슈퍼모델	syu-peo-mo-der	sypmdr	sprmdl	supermodel	67
파인애플	pa-in-ae-peur	pnpr	pnppl	pineapple	67
루푸스	ru-pu-seu	rps	lps	lupus	67
스케이트장	seu-ke-i-teu-jang	sktjng	sktng rnk	skating rink	67
스튜어디스	seu-tyu-eo-di-seu	styds	stwrdss	stewardess	67
리얄	ri-yar	ryr	ryl/rl	riyal/rial	67
테이크아웃	te-i-keu-a-us	tks	tkt	takeout	67
분재	bun-jae	bnj	bns	bonsai	67
디스켓	di-seu-kes	dsks	dsktt	diskette	67
탈춤	tar-cum	trcm	tlchm	talchum	67
반등	ban-deung	bndng	rbnd	rebound	67
스냅	seu-naeb	snb	snp	snap	67
성악가	seong-ag-ga	snggg	sngr	singer	67
서포터	seo-po-teo	spt	spprtr	supporter	67
수창	su-cang	scng	dscnt	descant	67
저널리스트	jeo-neor-ri-seu-teu	jnrrst	jrnlst	journalist	67
페니	pe-ni	pn	pnny	penny	67
대각선	dae-gag-seon	dggsn	dgnl	diagonal	67
가라오케	ga-ra-o-ke	grk	krk	karaoke	67
복싱	bog-sing	bgsng	bxng	boxing	67
파라오	pa-ra-o	pr	phrh	pharaoh	67
컨트리	keon-teu-ri	kntr	cntry	country	67
진즈	jin-jeu	jnj	jns	jeans	67
디스코	di-seu-ko	dsk	dsc	disco	67
베이지색	be-i-ji-saeg	bjsg	bg	beige	67
폴리에스테르	por-ri-e-seu-te-reu	prrstr	plystr	polyester	67
멤버십	mem-beo-sib	mmbsb	mmbrshp	membership	67
소프트웨어	so-peu-teu-we-eo	sptw	sftwr	software	67
드리블	deu-ri-beur	drbr	drbbl	dribble	67
드롭	deu-rob	drb	drp	drop	67
포터블	po-teo-beur	ptbr	prtbl	portable	67
이순	i-sun	sn	l sn	lee soon	67
스톨	seu-tor	str	stl	stole	67
노블	no-beur	nbr	nbl	noble	67
하모니카	ha-mo-ni-ka	hmnk	hrmnc	harmonica	67
어란	eo-ran	rn	r	roe	67
코사인	ko-sa-in	ksn	csn	cosine	67
모히토	mo-hi-to	mht	mjt	mojito	67
튜터	tyu-teo	tyt	ttr	tutor	67
온돌	on-dor	ndr	ndl	ondol	67
게릴라	ge-rir-ra	grrr	grrll	guerrilla	67
크레용	keu-re-yong	kryng	cryn	crayon	67
바로크	ba-ro-keu	brk	brq	baroque	67
마요네즈	ma-yo-ne-jeu	mynj	mynns	mayonnaise	67
덕트	deog-teu	dgt	dct	duct	67
스토브	seu-to-beu	stb	stv	stove	67
에릭남	e-rig-nam	rgnm	rc nm	eric nam	67
파샤	pa-sya	psy	psh	pasha	67
토치	to-ci	tc	trch	torch	67
스타카토	seu-ta-ka-to	stkt	stcct	staccato	67
허리케인	heo-ri-ke-in	hrkn	hrrcn	hurricane	67
음매	eum-mae	mm	m	moo	67
렌스	ren-seu	rns	lns	lens	67
펄프	peor-peu	prp	plp	pulp	67
타월	ta-weor	twr	twl	towel	67
들개	deur-gae	drg	dng	dingo	67
매트릭스	mae-teu-rig-seu	mtrgs	mtrx	matrix	67
동글	dong-geur	dnggr	dngl	dongle	67
일개미	ir-gae-mi	rgm	rgt	ergate	67
샤머니즘	sya-meo-ni-jeum	symnjm	shmnsm	shamanism	67
분지	bun-ji	bnj	bsn	basin	67
방랑	bang-rang	bngrng	wndrng	wandering	67
백로	baeg-ro	bgr	grt	egret	67
리트리버	ri-teu-ri-beo	rtrb	rtrvr	retriever	67
게이샤	ge-i-sya	gsy	gsh	geisha	67
크랭크	keu-raeng-keu	krngk	crnk	crank	67
보드카	bo-deu-ka	bdk	vdk	vodka	67
베레모	be-re-mo	brm	brt	beret	67
오트밀	o-teu-mir	tmr	tml	oatmeal	67
쇼룸	syo-rum	syrm	shwrm	showroom	67
비엔날레	bi-en-nar-re	bnnrr	bnnl	biennale	67
훌리건	hur-ri-geon	hrrgn	hlgn	hooligan	67
코만도	ko-man-do	kmnd	cmmnd	commando	67
서럽다	seo-reob-da	srbd	sd	sad	67
속어	sog-eo	sg	slng	slang	67
코브라	ko-beu-ra	kbr	cbr	cobra	67
페이스메이커	pe-i-seu-me-i-keo	psmk	pcmkr	pacemaker	67
메론	me-ron	mrn	mln	melon	67
비디오테이프	bi-di-o-te-i-peu	bdtp	tp	tape	67
바터	ba-teo	bt	brtr	barter	67
러미	reo-mi	rm	rmmy	rummy	67
아세톤	a-se-ton	stn	ctn	acetone	67
불독	bur-dog	brdg	blldg	bulldog	67
퍼터	peo-teo	pt	pttr	putter	67
케치	ke-ci	kc	ktch	ketch	67
그랜저	geu-raen-jeo	grnj	grndr	grandeur	67
아틀리에	a-teur-ri-e	trr	tlr	atelier	67
크레이프	keu-re-i-peu	krp	crp	crepe	67
시냅스	si-naeb-seu	snbs	synps	synapse	67
남포	nam-po	nmp	lmp	lamp	67
샤부샤부	sya-bu-sya-bu	sybsyb	shbshb	shabu-shabu	67
로브스터	ro-beu-seu-teo	rbst	lbstr	lobster	67
잠보	jam-bo	jmb	zmb	zambo	67
목련	mog-ryeon	mgryn	mgnl	magnolia	67
마들렌	ma-deur-ren	mdrrn	mdln	madeleine	67
트레몰로	teu-re-mor-ro	trmrr	trml	tremolo	67
코로나	ko-ro-na	krn	crn	corona	67
에스카르고	e-seu-ka-reu-go	skrg	scrgt	escargot	67
랍스타	rab-seu-ta	rbst	lbstr	lobster	67
카스트	ka-seu-teu	kst	cst	caste	67
김민	gim-min	gmmn	km mn	kim min	67
코데인	ko-de-in	kdn	cdn	codeine	67
가솔린	ga-sor-rin	gsrrn	gsln	gasoline	67
터미날	teo-mi-nar	tmnr	trmnl	terminal	67
배너	bae-neo	bn	bnnr	banner	67
세터	se-teo	st	sttr	setter	67
워리어	weo-ri-eo	wr	wrrr	warrior	67
에나멜	e-na-mer	nmr	nml	enamel	67
스크램블	seu-keu-raem-beur	skrmbr	scrmbl	scramble	67
비글	bi-geur	bgr	bgl	beagle	67
찰상	car-sang	crsng	brsn	abrasion	67
엑스터시	eg-seu-teo-si	gsts	cstsy	ecstasy	67
슬로건	seur-ro-geon	srrgn	slgn	slogan	67
슬링	seur-ring	srrng	slng	sling	67
라이브러리	ra-i-beu-reo-ri	rbrr	lbrry	library	67
도넛	do-neos	dns	dnt	donut	67
포니테일	po-ni-te-ir	pntr	pnytl	ponytail	67
멜라닌	mer-ra-nin	mrrnn	mlnn	melanin	67
메탄올	me-tan-or	mtnr	mthnl	methanol	67
프로락틴	peu-ro-rag-tin	prrgtn	prlctn	prolactin	67
카르파치오	ka-reu-pa-ci-o	krpc	crpcc	carpaccio	67
해머	hae-meo	hm	hmmr	hammer	67
카티온	ka-ti-on	ktn	ctn	cation	67
기가바이트	gi-ga-ba-i-teu	ggbt	ggbyt/GB	gigabyte/GB	67
파라핀	pa-ra-pin	prpn	prffn	paraffin	67
부팅	bu-ting	btng	bt	boot	67
아방가르드	a-bang-ga-reu-deu	bnggrd	vntgrd	avant-garde	67
스풀	seu-pur	spr	spl	spool	67
크루통	keu-ru-tong	krtng	crtn	crouton	67
알데히드	ar-de-hi-deu	rdhd	ldhyd	aldehyde	67
무슬림	mu-seur-rim	msrrm	mslm	muslim	67
신혼여행	sin-hon-yeo-haeng	snhnyhng	hnymn	honeymoon	62
선글라스	seon-geur-ra-seu	sngrrs	snglsss	sunglasses	62
홈런	hom-reon	hmrn	hm rn/Hmr	home run/Homer	62
생리대	saeng-ri-dae	sngrd	sntry pd	sanitary pad	62
레슬링	re-seur-ring	rsrrng	wrstlng	wrestling	62
물탱크	mur-taeng-keu	mrtngk	wtr tnk	water tank	62
나이팅게일	na-i-ting-ge-ir	ntnggr	nghtngl	nightingale	62
슈퍼마켓	syu-peo-ma-kes	sypmks	sprmrkt	supermarket	62
콤비네이션	kom-bi-ne-i-syeon	kmbnsyn	cmbntn	combination	62
할로페리돌	har-ro-pe-ri-dor	hrrprdr	hlprdl	haloperidol	62
폴리그래프	por-ri-geu-rae-peu	prrgrp	plygrph	polygraph	62
이강돈	i-gang-don	gngdn	l kng dn	lee kang don	62
컴퓨터	keom-pyu-teo	kmpyt	cmptr	computer	60
파이팅	pa-i-ting	ptng	fghtng	fighting	60
스캔들	seu-kaen-deur	skndr	scndl	scandal	60
수술실	su-sur-sir	ssrsr	srgry	surgery	60
프로듀서	peu-ro-dyu-seo	prdys	prdcr	producer	60
팬티	paen-ti	pnt	ndrpnts	underpants	60
진철	jin-ceor	jncr	jn chl	jin chul	60
컨트롤	keon-teu-ror	kntrr	cntrl	control	60
청산	ceong-san	cngsn	clrng	clearing	60
오케스트라	o-ke-seu-teu-ra	kstr	rchstr	orchestra	60
순서대로	sun-seo-dae-ro	snsdr	n rdr	in order	60
메신저	me-sin-jeo	msnj	mssngr	messenger	60
콘텐츠	kon-ten-ceu	kntnc	cntnt	content	60
인큐베이터	in-kyu-be-i-teo	nkybt	ncbtr	incubator	60
인슐린	in-syur-rin	nsyrrn	nsln	insulin	60
스크립트	seu-keu-rib-teu	skrbt	scrpt	script	60
선적	seon-jeog	snjg	shppng	shipping	60
갈망	gar-mang	grmng	crvng	craving	60
프로토콜	peu-ro-to-kor	prtkr	prtcl	protocol	60
헤어스타일	he-eo-seu-ta-ir	hstr	hrstyl	hairstyle	60
디스크	di-seu-keu	dsk	dsc/dsk	disc/disk	60
콘크리트	kon-keu-ri-teu	knkrt	cncrt	concrete	60
카푸치노	ka-pu-ci-no	kpcn	cppccn	cappuccino	60
이발소	i-bar-so	brs	brbrshp	barbershop	60
생강	saeng-gang	snggng	gngr	ginger	60
프로포폴	peu-ro-po-por	prppr	prpfl	propofol	60
롤링	ror-ring	rrrng	rllng	rolling	60
마네킹	ma-ne-king	mnkng	mnnqn	mannequin	60
발레리노	bar-re-ri-no	brrrn	bllrn	ballerino	60
탱탱	taeng-taeng	tngtng	tght	tight	60
유망	yu-mang	ymng	prmsng	promising	60
로비스트	ro-bi-seu-teu	rbst	lbbyst	lobbyist	60
프로파일러	peu-ro-pa-ir-reo	prprr	prflr	profiler	60
로라제팜	ro-ra-je-pam	rrjpm	lrzpm	lorazepam	60
킬로미터	kir-ro-mi-teo	krrmt	klmtr	kilometer	60
액세서리	aeg-se-seo-ri	gssr	ccssry	accessory	60
정력	jeong-ryeog	jngryg	nrgy	energy	60
홍조	hong-jo	hngj	flshng	flushing	60
파티션	pa-ti-syeon	ptsyn	prttn	partition	60
조현	jo-hyeon	jhyn	ch hyn	cho hyun	60
볼링	bor-ring	brrng	bwlng	bowling	60
마멀레이드	ma-meor-re-i-deu	mmrrd	mrmld	marmalade	60
라푼젤	ra-pun-jer	rpnjr	rpnzl	rapunzel	60
내레이션	nae-re-i-syeon	nrsyn	nrrtn	narration	60
디스플레이	di-seu-peur-re-i	dsprr	dsply	display	60
펜싱	pen-sing	pnsng	fncng	fencing	60
발레리나	bar-re-ri-na	brrrn	bllrn	ballerina	60
노스탤지어	no-seu-taer-ji-eo	nstrj	nstlg	nostalgia	60
랩소디	raeb-so-di	rbsd	rhpsdy	rhapsody	60
은행업	eun-haeng-eob	nhngb	bnkng	banking	60
부야베스	bu-ya-be-seu	bybs	bllbss	bouillabaisse	60
버블티	beo-beur-ti	bbrt	bbbl t	bubble tea	60
테레빈	te-re-bin	trbn	trpntn	turpentine	60
환금	hwan-geum	hwngm	xchng	exchange	60
헤드라이트	he-deu-ra-i-teu	hdrt	hdlght	headlight	60
아이돌스타	a-i-dor-seu-ta	drst	dl str	idol star	60
몽마	mong-ma	mngm	nghtmr	nightmare	60
콤팩트	kom-paeg-teu	kmpgt	cmpct	compact	60
어드밴티지	eo-deu-baen-ti-ji	dbntj	dvntg	advantage	60
핸디캡	haen-di-kaeb	hndkb	hndcp	handicap	60
컬링	keor-ring	krrng	crlng	curling	60
생선회	saeng-seon-hoe	sngsnh	sshm	sashimi	60
팟캐스트	pas-kae-seu-teu	pskst	pdcst	podcast	60
란탄	ran-tan	rntn	lnthnm	lanthanum	60
양반	yang-ban	yngbn	rstcrt/yngbn	aristocrat/yangban	59
쇼핑몰	syo-ping-mor	sypngmr	shppng mll	shopping mall	59
박민영	bag-min-yeong	bgmnyng	prk mn yng	park min young	59
나라	na-ra	nr	cntry	country	57
스타일	seu-ta-ir	str	styl	style	57
매니저	mae-ni-jeo	mnj	mngr	manager	57
배달	bae-dar	bdr	dlvr	deliver	57
오디션	o-di-syeon	dsyn	dtn	audition	57
센터	sen-teo	snt	cntr	center	57
부담	bu-dam	bdm	brdn	burden	57
김치	gim-ci	gmc	kmch	kimchi	57
디자인	di-ja-in	djn	dsgn	design	57
사연	sa-yeon	syn	stry	story	57
간호사	gan-ho-sa	gnhs	nrs	nurse	57
리조트	ri-jo-teu	rjt	rsrt	resort	57
사위	sa-wi	sw	snnlw	son-in-law	57
샤워	sya-weo	syw	shwr	shower	57
차량	ca-ryang	cryng	cr	car	57
오피스텔	o-pi-seu-ter	pstr	std	studio	57
기관	gi-gwan	ggwn	rgn	organ	57
메시지	me-si-ji	msj	mssg	message	57
신호	sin-ho	snh	sgnl	signal	57
이탈	i-tar	tr	dprtr	departure	57
달러	dar-reo	drr	dllr	dollar	57
트럭	teu-reog	trg	trck	truck	57
바코드	ba-ko-deu	bkd	brcd	barcode	57
손실	son-sir	snsr	lss	loss	57
파스	pa-seu	ps	plstr	plaster	57
기린	gi-rin	grn	grff	giraffe	57
티켓	ti-kes	tks	tckt	ticket	57
써니	sseo-ni	ssn	snny	sunny	57
마사지	ma-sa-ji	msj	mssg	massage	57
마이크	ma-i-keu	mk	mk/mc	mike/mic	57
쇼크	syo-keu	syk	shck	shock	57
틀림	teur-rim	trrm	rrr	error	57
투성이	tu-seong-i	tsng	tss	tissue	57
진출	jin-cur	jncr	ntr	enter	57
노하우	no-ha-u	nh	knwhw	know-how	57
레슨	re-seun	rsn	lssn	lesson	57
샐러드	saer-reo-deu	srrd	sld	salad	57
캐스팅	kae-seu-ting	kstng	cst/cstng	cast/casting	57
금전	geum-jeon	gmjn	mny	money	57
간판	gan-pan	gnpn	sgn	sign	57
선미	seon-mi	snm	strn	stern	57
칼날	kar-nar	krnr	knf	knife	57
발휘	bar-hwi	brhw	shw	show	57
마켓	ma-kes	mks	mrkt	market	57
자켓	ja-kes	jks	jckt	jacket	57
죄값	joe-gabs	jgbs	wgs	wages	57
김주	gim-ju	gmj	km j	kim joo	57
캔디	kaen-di	knd	cndy	candy	57
재석	jae-seog	jsg	j sk	jae suk	57
블로그	beur-ro-geu	brrg	blg	blog	57
그릴	geu-rir	grr	grll	grill	57
무녀	mu-nyeo	mny	shmn	shaman	57
휴일	hyu-ir	hyr	hldy	holiday	57
발신	bar-sin	brsn	snd	send	57
스위트룸	seu-wi-teu-rum	swtrm	st	suite	57
장르	jang-reu	jngr	gnr	genre	57
심상	sim-sang	smsng	mg	image	57
체리	ce-ri	cr	chrry	cherry	57
빈대	bin-dae	bnd	bdbg	bedbug	57
시럽	si-reob	srb	syrp	syrup	57
매뉴얼	mae-nyu-eor	mnyr	mnl	manual	57
컴온	keom-on	kmn	cm n	come on	57
사다리	sa-da-ri	sdr	lddr	ladder	57
트랙	teu-raeg	trg	trck	track	57
터널	teo-neor	tnr	tnnl	tunnel	57
매복	mae-bog	mbg	mbsh	ambush	57
태클	tae-keur	tkr	tckl	tackle	57
타깃	ta-gis	tgs	trgt	target	57
이어폰	i-eo-pon	pn	rphns	earphones	57
으쓱	eu-sseug	ssg	shrg	shrug	57
스쿠터	seu-ku-teo	skt	sctr	scooter	57
커튼	keo-teun	ktn	crtn	curtain	57
폴리스	por-ri-seu	prrs	pls	polis	57
코미디	ko-mi-di	kmd	cmdy	comedy	57
트릴	teu-rir	trr	trll	trill	57
미사일	mi-sa-ir	msr	mssl	missile	57
리좀	ri-jom	rjm	rhzm	rhizome	57
포털	po-teor	ptr	prtl	portal	57
패키지	pae-ki-ji	pkj	pckg	package	57
빗자루	bis-ja-ru	bsjr	brm	broom	57
에센스	e-sen-seu	sns	ssnc	essence	57
수치심	su-ci-sim	scsm	shm	shame	57
리모콘	ri-mo-kon	rmkn	rmt	remote	57
시발	si-bar	sbr	strt	start	57
썬글라스	sseon-geur-ra-seu	ssngrrs	snglsss	sunglasses	57
성자	seong-ja	sngj	snt	saint	57
위력	wi-ryeog	wryg	pwr	power	57
구더기	gu-deo-gi	gdg	mggt	maggot	57
테라스	te-ra-seu	trs	trrc	terrace	57
강타	gang-ta	gngt	bng	bang	57
트릭	teu-rig	trg	trck	trick	57
댄서	daen-seo	dns	dncr	dancer	57
색칠	saeg-cir	sgcr	clr	color	57
니스	ni-seu	ns	vrnsh	varnish	57
엑스트라	eg-seu-teu-ra	gstr	xtr	extra	57
일신	ir-sin	rsn	rnwl	renewal	57
재킷	jae-kis	jks	jckt	jacket	57
코러스	ko-reo-seu	krs	chrs	chorus	57
일벌	ir-beor	rbr	wrkr	worker	57
피클	pi-keur	pkr	pckl	pickle	57
배속	bae-sog	bsg	ssgn	assign	57
채팅	cae-ting	ctng	cht	chat	57
라켓	ra-kes	rks	rckt	racket	57
시름	si-reum	srm	srrw	sorrow	57
링크	ring-keu	rngk	lnk	link	57
팬케이크	paen-ke-i-keu	pnkk	pnck/pncks	pancake/pancakes	57
남색	nam-saeg	nmsg	ndg	indigo	57
비속어	bi-sog-eo	bsg	slng	slang	57
텍스트	teg-seu-teu	tgst	txt	text	57
멜론	mer-ron	mrrn	mln	melon	57
김지	gim-ji	gmj	km j	kim ji	57
쉐도우	swe-do-u	swd	shdw	shadow	57
트로카	teu-ro-ka	trk	trcr	trocar	57
스태프	seu-tae-peu	stp	stff	staff	57
실태	sir-tae	srt	rlty	reality	57
앰프	aem-peu	mp	mplfr	amplifier	57
플레이어	peur-re-i-eo	prr	plyr	player	57
오찬	o-can	cn	lnchn	luncheon	57
제왕	je-wang	jwng	kng	king	57
코튼	ko-teun	ktn	cttn	cotton	57
원기	weon-gi	wng	nrgy	energy	57
스틱	seu-tig	stg	stck	stick	57
곡물	gog-mur	ggmr	grn	grain	57
자칼	ja-kar	jkr	jckl	jackal	57
블레이드	beur-re-i-deu	brrd	bld	blade	57
아날로그	a-nar-ro-geu	nrrg	nlg	analog	57
앵글	aeng-geur	nggr	ngl	angle	57
서러움	seo-reo-um	srm	srrw	sorrow	57
코메디	ko-me-di	kmd	cmdy	comedy	57
포탈	po-tar	ptr	prtl	portal	57
블라우스	beur-ra-u-seu	brrs	bls	blouse	57
리플	ri-peur	rpr	rppl	ripple	57
넥타	neg-ta	ngt	nctr	nectar	57
엔지니어	en-ji-ni-eo	njn	ngnr	engineer	57
크라운	keu-ra-un	krn	crwn	crown	57
발산	bar-san	brsn	rls	release	57
헬퍼	her-peo	hrp	hlpr	helper	57
묵살	mug-sar	mgsr	gnr	ignore	57
카바레	ka-ba-re	kbr	cbrt	cabaret	57
모듈	mo-dyur	mdyr	mdl	module	57
말차	mar-ca	mrc	mtch	matcha	57
제산	je-san	jsn	dvsn	division	57
린넨	rin-nen	rnnn	lnn	linen	57
쐐기	sswae-gi	sswg	wdg	wedge	57
버클	beo-keur	bkr	bckl	buckle	57
틀니	teur-ni	trn	dntr	denture	57
사파이어	sa-pa-i-eo	sp	spphr	sapphire	57
안감	an-gam	ngm	lnng	lining	57
펜더	pen-deo	pnd	fndr	fender	57
에어로빅	e-eo-ro-big	rbg	rbcs	aerobics	57
스톡	seu-tog	stg	stck	stock	57
팬츠	paen-ceu	pnc	pnts	pants	57
테두리	te-du-ri	tdr	brdr	border	57
크롬	keu-rom	krm	chrm	chrome	57
슬라이드	seur-ra-i-deu	srrd	sld	slide	57
로켓	ro-kes	rks	rckt	rocket	57
패킷	pae-kis	pks	pckt	packet	57
메뉴판	me-nyu-pan	mnypn	mn	menu	57
리모컨	ri-mo-keon	rmkn	rmt	remote	57
에탄올	e-tan-or	tnr	thnl	ethanol	57
헛기침	heos-gi-cim	hsgcm	hm	hem	57
인덱스	in-deg-seu	ndgs	ndx	index	57
망사	mang-sa	mngs	msh	mesh	57
사타구니	sa-ta-gu-ni	stgn	grn	groin	57
포켓	po-kes	pks	pckt	pocket	57
트롤	teu-ror	trr	trll	troll	57
체인점	ce-in-jeom	cnjm	chn	chain	57
피처	pi-ceo	pc	ptchr	pitcher	57
롤러	ror-reo	rrr	rllr	roller	57
갈빗대	gar-bis-dae	grbsd	rb	rib	57
장음	jang-eum	jngm	lng	long	57
펄사	peor-sa	prs	plsr	pulsar	57
머핀	meo-pin	mpn	mffn	muffin	57
머글	meo-geur	mgr	mggl	muggle	57
오프사이드	o-peu-sa-i-deu	psd	ffsd	offside	57
칠기	cir-gi	crg	lcqr	lacquer	57
볼레로	bor-re-ro	brrr	blr	bolero	57
말라리아	mar-ra-ri-a	mrrr	mlr	malaria	57
스무디	seu-mu-di	smd	smth	smoothie	57
바주카포	ba-ju-ka-po	bjkp	bzk	bazooka	57
액세스	aeg-se-seu	gss	ccss	access	57
아르페지오	a-reu-pe-ji-o	rpj	rpgg	arpeggio	57
글렌체크	geur-ren-ce-keu	grrnck	gln chck	glen check	57
버킷	beo-kis	bks	bckt	bucket	57
시프트	si-peu-teu	spt	shft	shift	57
어댑터	eo-daeb-teo	dbt	dptr	adapter	57
오버헤드	o-beo-he-deu	bhd	vrhd	overhead	57
레퀴엠	re-kwi-em	rkwm	rqm	requiem	57
잉곳	ing-gos	nggs	ngt	ingot	57
실드	sir-deu	srd	shld	shield	57
니켈	ni-ker	nkr	nckl	nickel	57
토카타	to-ka-ta	tkt	tcct	toccata	57
테크노	te-keu-no	tkn	tchn	techno	57
펄서	peor-seo	prs	plsr	pulsar	57
타이핑	ta-i-ping	tpng	typ	type	57
블루스	beur-ru-seu	brrs	bls	blues	57
곡류	gog-ryu	ggry	grn	grain	57
카본	ka-bon	kbn	crbn	carbon	57
플러그	peur-reo-geu	prrg	plg	plug	57
태슬	tae-seur	tsr	tssl	tassle	57
상영	sang-yeong	sngyng	scrnng/shwng	screening/showing	56
폴리프로필렌	por-ri-peu-ro-pir-ren	prrprprrn	plyprpyln	polypropylene	56
컨디션	keon-di-syeon	kndsyn	cndtn	condition	55
성분	seong-bun	sngbn	ngrdnt	ingredient	55
샴페인	syam-pe-in	sympn	chmpgn	champagne	55
심통	sim-tong	smtng	dspstn	disposition	55
공학	gong-hag	gnghg	ngnrng	engineering	55
성실	seong-sir	sngsr	sncrty	sincerity	55
커미션	keo-mi-syeon	kmsyn	cmmssn	commission	55
승객	seung-gaeg	snggg	pssngr	passenger	55
중력	jung-ryeog	jngryg	grvty	gravity	55
크리스탈	keu-ri-seu-tar	krstr	crystl	crystal	55
플라스틱	peur-ra-seu-tig	prrstg	plstc	plastic	55
파운데이션	pa-un-de-i-syeon	pndsyn	fndtn	foundation	55
프랜차이즈	peu-raen-ca-i-jeu	prncj	frnchs	franchise	55
그램	geu-raem	grm	grm/grms	gram/grams	55
클리닝	keur-ri-ning	krrnng	clnng	cleaning	55
감탄사	gam-tan-sa	gmtns	xclmtn	exclamation	55
산란	san-ran	snrn	scttrng	scattering	55
커뮤니티	keo-myu-ni-ti	kmynt	cmmnty	community	55
워크숍	weo-keu-syob	wksyb	wrkshp	workshop	55
성역	seong-yeog	sngyg	snctry	sanctuary	55
방갈로	bang-gar-ro	bnggrr	bnglw	bungalow	55
새총	sae-cong	scng	slngsht	slingshot	55
아성	a-seong	sng	strnghld	stronghold	55
어셈블리	eo-sem-beur-ri	smbrr	ssmbly	assembly	55
피켓	pi-kes	pks	pckt/sgn	picket/sign	55
계량	gye-ryang	gyryng	wghng	weighing	55
한자성어	han-ja-seong-eo	hnjsng	chngy	chengyu	55
파운드	pa-un-deu	pnd	pnd/pnds	pound/pounds	55
렌터카	ren-teo-ka	rntk	cr rntl	car rental	55
블루베리	beur-ru-be-ri	brrbr	blbrry	blueberry	55
파인트	pa-in-teu	pnt	pnt/pnts	pint/pints	55
바이올리니스트	ba-i-or-ri-ni-seu-teu	brrnst	vlnst	violinist	55
콩크리트	kong-keu-ri-teu	kngkrt	cncrt	concrete	55
칸타빌레	kan-ta-bir-re	kntbrr	cntbl	cantabile	55
캐스터네츠	kae-seu-teo-ne-ceu	kstnc	cstnts	castanets	55
카피라이터	ka-pi-ra-i-teo	kprt	cpywrtr	copywriter	55
포르말린	po-reu-mar-rin	prmrrn	frmln	formalin	55
할리퀸	har-ri-kwin	hrrkwn	hrlqn	harlequin	55
태형	tae-hyeong	thyng	whppng	whopping	55
콩소메	kong-so-me	kngsm	cnsmmé	consommé	55
라커룸	ra-keo-rum	rkrm	lckr rm	locker room	55
알고리즘	ar-go-ri-jeum	rgrjm	lgrthm	algorithm	55
니힐리즘	ni-hir-ri-jeum	nhrrjm	nhlsm	nihilism	55
쇼핑	syo-ping	sypng	shp/shppng	shop/shopping	53
흥정	heung-jeong	hngjng	hgglng/brgnng	haggling/bargaining	53
롤러코스터	ror-reo-ko-seu-teo	rrrkst	rllr cstr	roller coaster	53
박흥수	bag-heung-su	bghngs	prk hng s	park heung soo	53
블록버스터	beur-rog-beo-seu-teo	brrgbst	blckbstr	blockbuster	53
패션모델	pae-syeon-mo-der	psynmdr	fshn mdl	fashion model	53
